0,1,2,3,4,5,6,7,8,9,10,11,12,13,14,15,16,17,18,19,20,21,22,23,24,25,26,27,28,29,30,31,32,33,34,35,36,37,38,39,40,41,42,43,44,45,46,47,48,49,50,51,52,53,54,55,56,57,58,59,60,61,62,63,64,65,66,67,68,69,70,71,72,73,74
2.0,3.0,2.0,4.0,0.0,2.0,2.0,2.0,2.0,4.0,4.0,0.0,4.0,4.0,4.0,0.0,0.0,4.0,4.0,2.0,4.0,4.0,2.0,2.0,4.0,4.0,0.0,4.0,3.0,4.0,4.0,4.0,2.0,2.0,2.0,4.0,2.0,4.0,2.0,4.0,4.0,4.0,4.0,2.0,4.0,4.0,4.0,2.0,4.0,4.0,4.0,4.0,4.0,4.0,0.0,2.0,4.0,4.0,4.0,4.0,4.0,2.0,2.0,2.0,0.0,2.0,4.0,4.0,4.0,4.0,4.0,4.0,4.0,4.0,4.0
0.0,0.0,0.0,0.0,0.0,0.0,0.0,0.0,0.0,0.0,0.0,0.0,0.0,0.0,0.0,1.0,1.0,1.0,1.0,1.0,1.0,1.0,1.0,1.0,1.0,1.0,1.0,1.0,1.0,1.0,2.0,2.0,2.0,2.0,2.0,2.0,2.0,2.0,2.0,2.0,2.0,2.0,2.0,2.0,2.0,3.0,3.0,3.0,3.0,3.0,3.0,3.0,3.0,3.0,3.0,3.0,3.0,3.0,3.0,3.0,4.0,4.0,4.0,4.0,4.0,4.0,4.0,4.0,4.0,4.0,4.0,4.0,4.0,4.0,4.0
0.9636212587356568,-0.13155272603034973,-0.7838628888130188,-1.3277329206466677,1.2916101217269895,0.7724694013595581,1.5365724563598633,-0.030022047460079193,-6.729844093322754,-0.6535120010375977,-1.3531732559204102,2.066169261932373,0.834737241268158,0.9477647542953492,0.2610630989074707,2.389867782592773,2.500330686569214,0.4997859299182892,0.6957533359527588,0.6742092370986938,-0.4754272401332855,-0.25395622849464417,0.2247106432914734,-1.9858132600784304,-4.097553730010986,0.6842645406723022,3.358520030975342,0.05866543203592301,-1.1234537363052368,-0.730819582939148,0.4608850181102753,-5.0119056701660165,0.5808728933334351,-0.539631724357605,0.1397257149219513,-0.09919043630361556,1.0078204870224001,1.4395440816879272,-0.032751642167568214,-0.5410118699073792,-1.0777946710586548,0.3339590430259705,-0.9211507439613342,-0.8700225949287415,0.11021923273801804,0.02151332050561905,-3.9738309383392334,0.3775975406169891,0.7721638083457947,-0.5249437093734741,1.1250556707382202,0.4455400407314301,-0.2529093325138092,-2.158333301544189,2.372870922088623,-2.42443323135376,0.6901236772537231,0.4401467740535736,1.3710137605667114,-3.219841957092285,-0.31181463599205017,-1.2141879796981812,0.3937053978443146,0.15359067916870114,3.0600366592407227,-0.06660749763250351,0.2761172950267792,0.2336282134056092,-8.290637016296388,-0.13922497630119324,-2.274443864822388,-0.3278639018535614,-0.9572514891624452,-1.4292162656784058,0.7980468273162842
-1.5863239765167236,-2.1145048141479488,-1.2584595680236816,-0.7841618657112122,-2.354381561279297,-2.296241044998169,-1.0312553644180298,-1.277251124382019,-3.707218647003174,-1.967865228652954,-2.991999387741089,-2.058926105499268,-0.12560558319091794,-2.6094810962677,-0.3647975325584412,-0.04316882789134978,-8.53057861328125,-2.006175994873047,-0.4535246789455414,-1.1358635425567627,-1.5648099184036257,-2.260634660720825,-1.0640134811401367,-1.4146474599838257,-2.3294293880462646,-2.868361234664917,0.8078995943069458,-0.8243692517280579,-0.23181480169296265,-1.5907220840454102,-2.232141256332397,-2.7454640865325928,-1.0378483533859253,-2.6657092571258545,-0.8988270759582521,-1.397765040397644,-1.1202470064163208,-1.5248863697052002,-3.0566108226776123,-2.4979944229125977,-1.7428600788116455,-1.3278025388717651,-0.5786116123199463,-0.5718316435813904,-0.18604227900505066,-1.7270019054412842,-9.51946258544922,-2.051674127578736,-3.246148109436035,-2.0168602466583248,-0.9181355834007264,-1.3240182399749756,-0.5993768572807312,-3.6261470317840576,0.08928334712982178,-3.2990078926086426,0.3470742106437683,-3.914052248001098,-3.1410446166992188,-0.6951988935470581,-1.9552292823791504,0.1260121911764145,-0.4589067697525024,-0.8889245986938477,-3.5492875576019287,-0.8756000995635986,-1.0833592414855957,-2.0409936904907227,-5.648491859436035,-1.1155792474746704,-3.355345726013184,-1.1572856903076172,-0.0948387086391449,-1.3532568216323853,-2.6083595752716064
2.5544140338897705,0.7091619372367859,0.4764891266822815,1.166547775268555,0.697493851184845,1.5348913669586182,2.43185830116272,1.883066177368164,4.479207515716553,-1.3237453699111938,2.0033197402954097,1.1794764995574951,0.4428390562534332,1.741046667098999,0.6347947716712952,0.1930751055479049,0.6432514786720276,0.8362574577331543,0.5649773478507996,1.5597671270370483,1.8296287059783936,1.2410603761672974,2.303730010986328,1.93685245513916,0.2010950595140457,1.3007861375808716,-2.919193744659424,0.44041508436203,1.1031482219696045,1.415702223777771,1.82385003566742,-0.3625907301902771,1.4287569522857666,2.6769840717315674,1.6268149614334106,1.4245971441268919,1.842546343803405,0.7213923335075378,2.632242202758789,1.075648307800293,0.9372616410255432,1.4693787097930908,-0.3684351742267609,1.0516492128372192,-0.9075191617012024,1.862768054008484,-0.4984270334243774,2.1746873855590816,1.2782373428344729,1.166275143623352,1.0370123386383057,1.5928226709365845,1.4135756492614746,0.18802446126937866,1.021367073059082,3.883930206298828,0.3027211129665375,-3.3896758556365967,-0.08654169738292694,0.18046464025974274,2.002631425857544,1.2381553649902344,1.3555384874343872,1.2359076738357544,-0.03372552990913391,1.5085718631744385,1.195286512374878,1.7506494522094729,-2.283331155776977,1.4804037809371948,2.259676933288574,1.109087347984314,-0.2154592126607895,1.471422553062439,0.6055321097373962
-3.129045248031616,1.7005281448364258,0.23193109035491946,-0.20777320861816406,1.017217040061951,1.3362756967544556,-0.2304641604423523,1.217492699623108,0.11626739054918288,1.2302920818328855,0.7552223205566406,-1.7378261089324951,-1.01604962348938,-0.5365945100784302,0.204437792301178,-0.6426780223846436,-1.41651713848114,-0.8742769956588745,0.09668473154306413,0.340368926525116,0.6058172583580017,0.8295114636421204,0.689321756362915,-0.7788679599761963,-0.08775585144758223,-0.062420658767223365,-0.7083764076232909,-1.8886748552322388,1.5767189264297483,-0.026971757411956787,-0.9436206221580504,0.6085578203201294,-0.036715172231197364,0.023671157658100128,1.5278526544570925,0.687207818031311,0.547505259513855,-1.1679623126983645,0.593092143535614,0.9490891695022584,1.7180087566375732,-0.041540198028087616,0.7262424230575562,0.8800290822982788,-1.0174365043640137,-0.3419867157936096,2.2580580711364746,-0.9469130039215088,0.7729697227478027,1.1220948696136477,0.6536689400672913,-0.2402385175228119,0.18600332736968994,-7.5301513671875,-1.540407657623291,-0.1309368908405304,0.3677434623241425,-0.01323845237493515,0.26001495122909546,0.4882877469062805,0.04182099550962448,0.8950614333152771,-0.3034157752990723,0.4062577784061432,1.213517427444458,1.249642014503479,0.22630274295806885,0.7610405087471008,-0.9872655868530272,-0.04466690868139267,2.1066751480102544,1.2451176643371582,-0.0065389350056648254,-0.01048075407743454,-0.01775675266981125
1.955441236495972,1.4061802625656128,-0.480002373456955,1.919831395149231,1.2457971572875977,0.7730948328971863,0.19466032087802887,1.0477774143218994,1.9994546175003047,4.584636688232422,3.3260281085968018,2.043173789978028,2.4570441246032715,2.235917091369629,1.1854585409164429,-0.5062469840049744,-2.954576253890991,2.446887731552124,1.698801040649414,1.224534273147583,2.1550030708313,1.6345494985580444,0.5470622777938843,1.7720139026641846,3.8852272033691406,2.6962661743164062,-2.0705361366271973,0.9642210602760316,1.1112140417099,2.334730863571167,2.4886281490325928,4.555542469024658,1.2831518650054932,1.197437047958374,0.7747599482536316,1.6620721817016602,0.9391133189201356,1.6168034076690674,1.7236593961715698,2.956799030303955,3.2224481105804443,1.6284899711608891,3.0798461437225337,1.0013891458511353,4.533097743988037,2.463688850402832,4.977952003479004,1.9873754978179927,2.28702974319458,2.779207706451416,1.3159828186035156,1.812334418296814,2.9841845035552983,0.592364490032196,1.746041774749756,-0.07321862876415253,1.0598464012145996,4.796672344207764,2.6265645027160645,3.23539137840271,2.293663501739502,0.6136839985847473,1.3252853155136108,0.8443132042884827,0.9461514949798584,1.4097057580947876,1.9556723833084104,2.0633294582366943,4.208061218261719,1.5182502269744873,2.786956310272217,2.1511592864990234,2.891141414642334,3.4229044914245605,1.8895101547241209
2.0,3.0,0.0,0.0,2.0,2.0,2.0,3.0,2.0,4.0,2.0,2.0,2.0,2.0,2.0,0.0,3.0,4.0,4.0,4.0,2.0,3.0,2.0,2.0,2.0,2.0,0.0,2.0,2.0,4.0,4.0,4.0,4.0,4.0,3.0,4.0,2.0,4.0,2.0,2.0,2.0,2.0,4.0,2.0,4.0,2.0,2.0,2.0,4.0,4.0,2.0,4.0,4.0,2.0,4.0,2.0,2.0,4.0,4.0,2.0,2.0,2.0,4.0,4.0,2.0,3.0,4.0,4.0,2.0,2.0,2.0,2.0,4.0,2.0,4.0
0.0,0.0,0.0,0.0,0.0,0.0,0.0,0.0,0.0,0.0,0.0,0.0,0.0,0.0,0.0,1.0,1.0,1.0,1.0,1.0,1.0,1.0,1.0,1.0,1.0,1.0,1.0,1.0,1.0,1.0,2.0,2.0,2.0,2.0,2.0,2.0,2.0,2.0,2.0,2.0,2.0,2.0,2.0,2.0,2.0,3.0,3.0,3.0,3.0,3.0,3.0,3.0,3.0,3.0,3.0,3.0,3.0,3.0,3.0,3.0,4.0,4.0,4.0,4.0,4.0,4.0,4.0,4.0,4.0,4.0,4.0,4.0,4.0,4.0,4.0
1.6888906955718994,-1.246337890625,2.148466825485229,2.5235371589660645,0.06827642768621445,-0.4464412331581116,1.0131832361221311,0.7073715925216675,-6.091909408569336,-0.28867101669311523,-0.153475821018219,-0.6841335892677307,1.4154720306396484,1.6416009664535522,0.24778759479522705,4.396305561065674,-2.4599924087524414,-1.9951323270797727,0.2305172085762024,0.3188926875591278,-0.8768379688262941,-1.0997542142868042,-0.2536914944648743,-1.2137163877487185,-2.650076150894165,0.5830125212669373,2.9467029571533203,-0.7012495994567871,-0.3773711621761322,-1.5812997817993164,0.2850826382637024,-3.9406661987304688,-0.8672959804534912,-0.721122145652771,-0.11972088366746902,-1.4514005184173584,0.4005792140960693,-2.590963840484619,0.3781005144119263,-0.1993257701396942,-0.7217111587524414,0.2317826449871063,-0.3669810295104981,-0.8623450994491577,-0.42682233452796936,0.7220458388328552,-7.3685126304626465,0.25690507888793945,-0.5194836258888245,-2.1299076080322266,1.189955234527588,-0.5262805819511414,-0.2154126763343811,-1.2506674528121948,0.9658958911895752,-1.2891101837158203,1.4655790328979492,-3.560062885284424,-0.8712443113327026,-1.5073814392089844,0.5219979882240295,-0.6393416523933411,-0.8227762579917908,-0.908600389957428,-1.277860164642334,0.8924680948257446,-0.9179019927978516,0.22286134958267206,-1.7233535051345823,-0.6753666400909424,1.4876819849014282,1.4513750076293943,-0.4976477026939392,-1.4964194297790527,0.1915780007839203
-0.7361881732940674,-0.1537722945213318,-0.16259704530239105,1.2467693090438845,-0.7025920152664185,-1.2772341966629028,0.3741273283958435,-0.9010162949562072,-3.829810857772826,-0.5114009976387024,-1.493162989616394,0.010418429970741272,0.8668627738952637,-2.243046522140503,0.2964174151420593,0.259893000125885,-3.8198978900909424,-4.4272308349609375,-1.4127659797668457,-1.1094707250595093,-1.7688565254211426,-1.039337992668152,-2.30293869972229,-0.9644712209701538,-3.65705680847168,-0.8237954378128052,-2.7624106407165527,-2.991738796234132,0.7053161859512329,-2.2175955772399902,-1.2481387853622437,-0.23368267714977264,-1.295322060585022,-3.544005870819092,-0.07348676025867462,-1.287007451057434,-1.2735223770141602,-3.902555227279663,-2.8249175548553467,-1.3819917440414429,-0.705780565738678,-1.142237663269043,0.04252000153064728,-0.5876051187515259,-0.12268365919589995,-1.80910062789917,-6.520552158355713,-3.927866697311402,-3.2435817718505864,-1.8739904165267944,-0.5760210156440735,-2.0207750797271733,-0.7735500931739807,-0.21236737072467804,-0.048330336809158325,-2.4513731002807617,-1.2360105514526367,-5.56728982925415,-4.469647407531738,-1.6468669176101685,-1.9033995866775515,-0.34691548347473145,0.3629871606826782,-0.8005678653717041,1.1215369701385498,-1.026417851448059,-1.97944724559784,-1.4386696815490725,-2.619137763977051,-0.04639945924282074,-2.268719434738159,-1.5106744766235352,-1.5106219053268433,-0.6010005474090576,-1.162968397140503
3.730848073959351,0.4903277158737183,-0.29147112369537354,0.8135942816734314,0.48338982462883,2.205294370651245,2.1265082359313965,-0.670237123966217,5.127782821655273,-0.4320967793464661,1.59375,5.4863057136535645,3.617344617843628,2.245029926300049,1.0446258783340454,1.4659488201141355,-2.533029079437256,2.0634925365448,1.6958317756652832,1.5608320236206057,2.5707974433898926,0.24867844581604004,2.03680419921875,3.795664310455322,2.7816293239593506,2.2889389991760254,-1.8909752368927,3.1571402549743652,2.498908281326294,1.686188817024231,1.7807791233062744,-0.3659494817256928,1.661818265914917,1.0143402814865112,1.607920527458191,1.491238355636597,2.0165188312530518,2.426748514175415,2.4006659984588623,3.140153646469116,1.612096071243286,1.5724265575408936,1.1744725704193115,1.6970621347427368,1.0742416381835938,2.6857047080993652,3.6844637393951416,2.5162594318389893,1.7950537204742432,1.9787237644195559,2.0772383213043213,1.4951205253601074,0.7411074638366699,1.624891757965088,-1.5985219478607178,4.871898174285889,2.304107904434204,-0.7769892811775208,2.3014745712280282,1.5932295322418213,2.424101114273072,1.7915403842926023,1.1063311100006104,1.262085199356079,3.382332324981689,1.6399343013763428,0.1636102795600891,1.5937443971633911,2.9784932136535645,1.4825053215026855,1.634117603302002,2.4031715393066406,-0.725178062915802,2.2926995754241943,-0.1838037371635437
-3.3754541873931885,0.9092429280281068,-1.729143142700195,-2.0583059787750244,0.4499540627002716,1.8892128467559808,0.4849394857883453,1.2767369747161863,-0.2585124671459198,0.5577655434608461,-0.1831312775611877,-4.637269020080566,-3.312825918197632,-1.4348233938217163,-0.3040691316127777,-2.611840009689331,1.409080147743225,-1.3301903009414673,0.6865901947021484,0.14533409476280212,1.4474140405654907,1.3112516403198242,1.6326957941055298,-4.042801380157472,-1.5765156745910645,-0.3427606225013733,-0.2568704783916473,-3.4508249759674072,1.0827091932296753,1.2910606861114502,-1.787839651107788,-0.9815844893455504,0.7570774555206299,0.5885282158851624,2.3571789264678955,0.9147397875785828,1.3795028924942017,-0.05713596194982529,0.016263162717223167,0.5132138133049011,0.9110027551651,0.7423649430274963,-0.09330978244543076,0.5478426218032837,-1.1947345733642578,-0.12082307785749435,-8.072129249572754,-0.8387143611907959,-0.1524040400981903,1.6076648235321045,1.0857369899749756,0.8665283918380737,0.4022223651409149,-1.3862180709838867,-1.2604397535324097,-0.9246691465377808,0.05229911953210832,-0.3988322913646698,0.788537859916687,-0.483582466840744,0.3690283000469208,1.1082491874694824,0.5020873546600342,1.0811488628387451,-2.5294952392578125,1.937004804611206,1.1013591289520264,0.40936043858528137,-2.294936180114746,1.1750290393829346,0.4336756765842438,-0.5385791063308716,-1.0235542058944702,0.6282488703727722,0.46125528216362
-2.637606620788574,0.4541976749897003,-0.8804128766059875,-1.0304161310195925,-0.4804703295230866,-0.3720830678939819,-1.4419466257095337,0.9661508202552797,-0.4920843839645386,2.542622327804565,0.6254451274871826,-0.8910830020904541,-1.6146354675292969,0.031756270676851266,0.6439664363861084,-6.4123430252075195,-1.590598464012146,5.306258201599121,1.781263828277588,1.9719469547271729,1.5296646356582642,-0.26318156719207764,1.5907548666000366,-0.14498600363731384,-0.2591578364372253,0.2117435187101364,-2.874237537384033,-2.151709794998169,0.312581866979599,2.23368501663208,2.251444101333618,1.0808955430984497,2.296660661697388,1.4638192653656006,0.6308904886245728,3.4149692058563232,1.1319769620895386,4.477362632751465,1.213909387588501,0.2343653440475464,1.5171808004379272,1.2933534383773804,1.5768815279006958,1.1687837839126587,3.2815096378326416,1.6752225160598757,2.5803699493408203,2.4609262943267822,3.21791410446167,3.8553483486175537,-0.04724777862429619,2.768725872039795,2.84047794342041,0.35871806740760803,3.7842099666595455,-2.617908000946045,-1.0854135751724243,9.272878646850586,2.952586889266968,0.97788405418396,0.8992221355438232,0.27860891819000244,2.081655502319336,1.4399471282958984,-0.9963971376419068,0.3011278510093689,4.143209457397462,2.4839162826538086,-2.0505459308624268,0.9492154121398926,-0.333540678024292,-1.2442229986190796,1.4341223239898682,1.9462233781814573,0.77202969789505
2.0,4.0,1.0,3.0,3.0,3.0,2.0,0.0,2.0,4.0,4.0,2.0,4.0,2.0,4.0,0.0,3.0,4.0,4.0,4.0,4.0,4.0,2.0,2.0,1.0,4.0,0.0,3.0,2.0,4.0,4.0,2.0,4.0,4.0,2.0,4.0,2.0,4.0,4.0,4.0,4.0,2.0,4.0,4.0,4.0,4.0,2.0,4.0,4.0,4.0,2.0,4.0,2.0,4.0,4.0,2.0,0.0,4.0,3.0,2.0,2.0,4.0,2.0,4.0,0.0,2.0,4.0,4.0,4.0,4.0,2.0,2.0,4.0,4.0,3.0
0.0,0.0,0.0,0.0,0.0,0.0,0.0,0.0,0.0,0.0,0.0,0.0,0.0,0.0,0.0,1.0,1.0,1.0,1.0,1.0,1.0,1.0,1.0,1.0,1.0,1.0,1.0,1.0,1.0,1.0,2.0,2.0,2.0,2.0,2.0,2.0,2.0,2.0,2.0,2.0,2.0,2.0,2.0,2.0,2.0,3.0,3.0,3.0,3.0,3.0,3.0,3.0,3.0,3.0,3.0,3.0,3.0,3.0,3.0,3.0,4.0,4.0,4.0,4.0,4.0,4.0,4.0,4.0,4.0,4.0,4.0,4.0,4.0,4.0,4.0
1.018747091293335,-1.0487312078475952,-0.19667984545230865,1.1317511796951294,0.14621500670909882,-0.2502395212650299,1.6355884075164795,1.6113543510437012,0.3631130456924439,0.04353402554988861,-0.8848418593406677,0.8456337451934814,-0.6847215890884399,1.7007324695587158,-0.27679169178009033,2.9742026329040527,-1.6203660964965818,-1.3237175941467283,0.8168755769729614,0.3550958633422852,0.1578143686056137,-0.8983933925628662,1.9919514656066888,-1.7407034635543823,-3.0105843544006348,0.8844252228736877,2.340209484100342,-0.1203683465719223,-0.4510420560836792,-0.6966440677642822,0.9796986579895021,0.7936946153640747,-0.10635025799274443,-1.335016846656799,0.7824244499206543,0.7194246649742126,1.0354303121566772,0.2606642246246338,1.1932733058929443,-0.227766677737236,-1.5118794441223145,0.8154098391532898,-0.5641891360282898,-1.1195555925369265,0.13946376740932465,0.4234112501144409,-4.653979301452637,-0.368654727935791,0.13467131555080414,-0.6518000364303589,1.4459424018859863,0.1264192909002304,1.2441284656524658,-1.2514272928237915,-1.7123551368713381,-1.644697189331055,2.258178949356079,-5.352181911468506,1.7318384647369385,0.202305868268013,-0.13708439469337466,-1.8824300765991209,0.14557306468486786,-0.550570547580719,1.937018156051636,0.21770523488521576,-0.6581392884254456,-0.06984658539295198,-6.392444610595702,-0.780923068523407,1.5287978649139404,0.09665471315383913,0.9577679634094238,-0.9584787487983704,-0.6158384680747986
-0.05766972899436953,-0.4945903718471527,2.536494016647339,-0.08870220184326172,-0.8346571922302246,-1.0564757585525513,0.0927666872739792,-1.5829509496688845,-2.8681001663208012,0.6342015266418457,-2.2397048473358154,-0.9688490629196168,1.0511553287506104,-2.41582989692688,0.4542039632797241,-1.3766567707061768,-5.6669979095458975,-3.1434240341186523,-1.7904555797576904,-0.8390638828277588,-1.0853629112243652,-2.0295760631561284,-1.7575368881225586,-0.03483542799949646,3.1696479320526123,-1.7885642051696775,2.261430263519287,-0.3352847695350647,0.30287793278694153,-1.4637278318405151,-1.4473998546600342,-3.5783207416534424,-1.7668652534484863,-2.142714262008667,-0.2634483277797699,-0.31930407881736755,-1.6065945625305176,-2.7953932285308842,-2.912440061569214,-0.9369932413101196,-0.5625498294830322,-0.6667401790618896,-0.3798319101333618,-0.3428187072277069,1.1117039918899536,-1.5605266094207764,-1.836752653121948,-0.8512864112854004,-3.1716010570526123,-0.9515798091888428,-0.2468684911727905,-1.0808968544006348,-1.1911635398864746,-2.500265121459961,-2.8120639324188232,-0.7025102376937866,1.086448073387146,-0.8572232723236084,-3.9014933109283447,-0.7960029840469359,-1.2366716861724854,-0.6163052320480347,1.0545830726623535,-1.3847599029541016,-1.7182950973510742,-0.2948114573955536,-1.3234671354293823,-0.9215826988220216,-2.452823638916016,0.2565663158893585,-0.6950365304946899,-1.0928548574447632,-0.9055614471435548,0.15055572986602786,-0.09112170338630676
2.748032569885254,-0.15656401216983795,0.7208061814308167,1.1542972326278689,1.07465922832489,1.1443618535995483,1.868133306503296,-0.04747927188873291,2.452136516571045,-2.7328073978424072,1.4699532985687256,3.4537336826324463,1.1576403379440308,2.065052032470703,1.4573363065719604,1.2890264987945557,-1.0352332592010498,1.133126735687256,0.6341081261634827,1.3443679809570312,1.6787734031677246,0.6116245985031128,2.9080193042755127,2.075387477874756,0.6993904709815979,2.0374228954315186,-3.2915525436401367,-1.93291699886322,2.1682708263397217,0.982608199119568,1.1603434085845947,2.0345304012298584,1.2104024887084959,0.8860290050506592,1.467376947402954,1.01415753364563,1.8809621334075928,0.15118488669395447,2.241846799850464,1.1679937839508057,0.5238107442855835,1.9419749975204468,1.7525644302368164,1.3307640552520752,0.16434583067893982,1.2979055643081665,3.159175157546997,0.9327647686004642,1.2405662536621094,0.9314019680023192,1.5973515510559082,1.274696707725525,2.465042352676392,-0.98710036277771,-3.1557693481445312,3.0642545223236084,1.4062052965164185,-4.186161994934082,0.8106511831283569,1.6140016317367554,2.361837387084961,1.6247673034667969,1.7822284698486328,0.80632483959198,1.3833425045013428,1.5310022830963137,-0.6231529712677002,2.01514744758606,-2.994791984558105,1.4989702701568604,1.5589780807495115,2.102374792098999,0.7918557524681091,0.8929798007011414,-0.6955728530883789
-3.539472818374634,1.0673563480377195,-0.2253904342651367,1.7282732725143433,1.5099481344223022,1.6418728828430176,-0.05018433928489685,1.4815884828567505,-0.09116265177726746,0.2063799500465393,1.3862712383270264,-0.8650475740432739,0.20747733116149905,0.650876522064209,-1.0860980749130251,1.5024020671844482,3.379927158355713,0.05536898970603943,0.61480712890625,-0.3707363903522492,0.19357696175575256,1.5207726955413818,0.4739857316017151,-0.0964779257774353,-0.9480614662170408,-0.22347649931907654,0.9108158349990844,2.709362268447876,1.0686119794845579,0.343195378780365,-0.07998126745223999,1.6216387748718262,0.4131896793842316,1.0046385526657104,0.8470300436019897,-0.18948781490325928,0.3214453160762787,-1.2278838157653809,0.15538713335990906,0.39819782972335815,1.3970465660095217,0.07351411879062653,0.12207924574613573,-0.7347723245620728,-1.2326167821884155,-0.0376066192984581,-1.0833196640014648,-1.0214991569519043,1.9985828399658203,0.44873955845832825,0.25218018889427185,0.647723913192749,0.8303027153015137,-1.205018162727356,1.1662986278533936,-0.3566649258136749,-0.5031523704528809,-0.3747685849666596,1.985994458198548,0.9162113666534424,0.7252861261367798,0.8974727392196655,-1.5332479476928709,0.3445694744586945,1.0153424739837646,1.0813684463500977,0.29180672764778137,0.5833145380020142,2.419593811035156,0.0583009272813797,0.6105358600616455,0.9721804857254028,0.14791834354400635,-0.14327232539653778,1.6022989749908447
0.898629903793335,3.225982666015625,-1.2086505889892578,-1.46257483959198,0.6990732550621033,1.0376909971237185,0.2671222388744354,0.5847223997116089,-5.014289379119873,3.5223069190979004,3.268272638320924,1.2223269939422607,1.2372690439224243,0.4191033840179443,1.6974033117294312,-0.7999283075332642,-1.2100151777267456,3.68367075920105,2.972707271575928,2.498215913772583,2.38077449798584,1.644661545753479,0.3541974723339081,1.0687594413757324,0.004339320585131645,2.154153823852539,-5.197884559631348,-2.273746967315674,0.13423189520835874,3.208009958267212,2.7346384525299072,-2.1056163311004643,2.4185714721679688,2.4167406558990483,1.206074833869934,2.0653455257415767,1.1919430494308472,4.576708793640137,2.544586420059204,2.9911267757415767,1.8878885507583616,1.6718671321868896,2.798832893371582,3.052417278289795,2.646207094192505,3.4366488456726074,1.5780130624771118,2.927222728729248,2.3367340564727783,3.363368272781372,1.346138596534729,1.8704642057418823,0.6256496906280518,0.3630989789962769,5.197262763977051,0.9276458621025084,0.06640028953552246,7.591551303863525,0.3441306948661804,0.018272755667567253,1.313823103904724,2.0483169555664062,1.1444264650344849,2.0518741607666016,-0.14285248517990112,1.1811264753341677,3.791129112243652,2.0502429008483887,2.855201005935669,1.628193736076355,0.5990952849388123,1.9336285591125488,1.1848220825195312,2.982985019683838,1.5184617042541504
2.0,2.0,2.0,2.0,2.0,2.0,2.0,2.0,2.0,0.0,2.0,2.0,2.0,2.0,2.0,2.0,0.0,2.0,2.0,2.0,2.0,2.0,2.0,2.0,3.0,2.0,0.0,0.0,2.0,2.0,2.0,1.0,2.0,2.0,2.0,4.0,2.0,2.0,2.0,2.0,3.0,2.0,4.0,2.0,4.0,2.0,4.0,2.0,2.0,3.0,0.0,3.0,3.0,1.0,4.0,2.0,2.0,4.0,2.0,4.0,0.0,2.0,0.0,2.0,2.0,0.0,3.0,2.0,2.0,2.0,2.0,2.0,2.0,2.0,4.0
0.0,0.0,0.0,0.0,0.0,0.0,0.0,0.0,0.0,0.0,0.0,0.0,0.0,0.0,0.0,1.0,1.0,1.0,1.0,1.0,1.0,1.0,1.0,1.0,1.0,1.0,1.0,1.0,1.0,1.0,2.0,2.0,2.0,2.0,2.0,2.0,2.0,2.0,2.0,2.0,2.0,2.0,2.0,2.0,2.0,3.0,3.0,3.0,3.0,3.0,3.0,3.0,3.0,3.0,3.0,3.0,3.0,3.0,3.0,3.0,4.0,4.0,4.0,4.0,4.0,4.0,4.0,4.0,4.0,4.0,4.0,4.0,4.0,4.0,4.0
1.1803381443023682,-0.5681720376014711,0.3879654109477997,1.4029477834701538,0.2493448555469513,-0.03647478669881821,2.086700439453125,1.0780762434005735,-0.9870405793190002,1.750179409980774,-0.8989965319633484,0.4900902807712555,1.6156237125396729,1.3649072647094729,-0.16211453080177307,-0.8992963433265686,0.5613106489181519,-1.0612057447433472,1.5243107080459597,1.6861124038696291,0.010745547711849213,-1.001311421394348,1.612480640411377,1.1091713905334473,-1.4402894973754885,0.5743247270584106,-0.1704843044281006,0.8700194954872131,0.6279968619346619,-0.2093447148799896,-0.1468750536441803,-0.5229019522666931,-0.10048244893550873,0.5077851414680481,1.5833740234375,0.274831086397171,0.9323257207870485,1.6855204105377195,2.5122323036193848,0.6680164337158203,0.2856872379779816,0.9793114066123962,-0.3923633396625519,-1.3328551054000854,0.06500490754842758,2.2113704681396484,-5.393894672393799,3.063460111618042,-0.12054706364870073,-0.03330779820680618,2.2539441585540767,0.9237849116325378,1.1428440809249878,0.9218017458915708,-0.7997837662696838,-2.120367288589477,0.7825762629508972,-1.3791474103927612,-4.59188985824585,-2.4570658206939697,3.115052461624145,-1.035248041152954,2.10554838180542,0.12506842613220215,-0.16265687346458435,2.145349264144897,-1.769700288772583,1.5198986530303955,0.2453400790691376,0.4028834998607636,1.801262140274048,0.6861321330070496,-3.481255292892456,0.1858913004398346,-0.8078365921974182
-0.7291644215583801,-0.2772567868232727,0.43940627574920654,0.39892810583114624,-0.7629061937332153,-0.935463547706604,0.7939118146896362,-0.2385327070951461,-2.5923385620117188,-1.9413478374481201,-1.6373271942138672,-0.3944857716560364,1.6817644834518433,-1.0611470937728882,0.021527361124753952,1.2084609270095823,0.14167027175426486,-1.3345803022384644,-2.0439896583557133,-0.3751061260700226,-0.9327195286750792,-1.1772453784942627,-0.4475204944610596,1.4128596782684326,1.4883136749267578,-2.228880882263184,-0.5905128121376038,0.6627652049064636,0.3850069046020508,-1.0410465002059937,-1.3361355066299438,0.8721268773078918,-1.1377248764038086,-1.6211583614349363,0.12586970627307892,-1.2978805303573608,-0.7347485423088074,-1.7604730129241943,-2.016692638397217,-0.7245240807533264,0.17474465072155,-0.8850525021553041,-1.1288752555847168,-0.5688480734825134,-0.044341016560792916,-1.4777888059616089,-2.023155927658081,-0.6104268431663513,-1.3428224325180054,-0.6524463295936584,-0.4450732469558716,-0.9911260008811952,0.3099059462547302,1.5493403673171997,-1.9994202852249143,-0.9108492732048036,0.21725676953792566,-1.82322895526886,-3.264552354812622,0.43904876708984375,-0.8667303919792175,-0.2586115002632141,0.2949998378753662,-0.7571974396705627,-0.7798221111297607,-0.1866599619388581,-0.8729485869407654,-0.3676682710647583,-0.4803934097290039,-1.3599878549575806,-1.0922802686691284,-0.1411992460489273,-0.3214350044727325,0.4186945557594299,-2.4373137950897217
2.907027244567871,1.8365144729614256,2.1309781074523926,2.679218053817749,2.5449070930480957,2.7179882526397705,2.9072299003601074,2.316222667694092,5.533322334289551,-1.8232675790786743,2.978675365447998,3.6170597076416016,2.6954474449157715,2.793687105178833,2.620161771774292,1.5734512805938718,-0.185939759016037,2.315958976745605,2.6478264331817627,2.1573617458343506,2.8278620243072514,3.386781692504884,2.9597091674804688,2.1418848037719727,-1.6471130847930908,2.523658275604248,-1.0374000072479248,0.8650891780853271,2.5826973915100098,2.219933032989502,2.606109142303467,0.6387626528739929,2.629065990447998,2.477181911468506,2.318112373352051,0.10780904442071916,2.6590209007263184,2.4083898067474365,2.9453811645507812,2.602658987045288,0.3005048334598541,1.876060128211975,1.5123971700668335,2.605876445770264,1.1160269975662231,2.783177614212036,3.3070197105407715,3.8639228343963614,2.8056085109710693,1.241239309310913,1.7778400182724,1.0981696844100952,0.926759958267212,0.6766355037689209,0.5003776550292969,3.3149638175964355,1.160513162612915,-1.6886076927185059,3.4403979778289795,1.0422592163085938,1.503591537475586,2.8616719245910645,0.9944183826446532,1.6964524984359741,2.187174797058105,1.8902602195739744,0.1151726022362709,1.6175202131271362,1.8803600072860718,2.5756545066833496,2.924370765686035,2.351155996322632,2.0785603523254395,1.4515018463134766,1.150869607925415
-1.1664719581604004,0.8294245004653931,-0.39987072348594666,-0.30303606390953064,0.9611262679100036,1.6024724245071411,0.3827708959579468,1.6803964376449585,-0.7773019671440125,1.6307026147842407,0.8677318096160889,0.4123392701148987,-1.9172033071517944,0.31734907627105713,-0.2088664323091507,1.0487319231033323,-2.0352354049682617,-0.2093139439821244,0.826524555683136,1.1291797161102295,0.7682139873504639,1.299061894416809,0.9360020160675048,-0.06014595925807952,1.6187561750411987,0.11334635317325592,-2.1250386238098145,-0.5445928573608398,0.295767605304718,0.7549785375595093,0.10645152628421783,-0.4823988080024719,1.4101908206939695,1.3684569597244265,1.5777891874313354,1.6165828704833984,1.373540997505188,0.9027214646339417,-0.11081282794475557,0.7692619562149048,0.7023023962974548,0.734500527381897,0.8501797914505005,0.8467075228691101,-0.9961402416229248,-0.002237512730062008,-1.2676633596420288,-1.513923406600952,0.9681471586227416,1.890183448791504,0.4361381232738495,2.4899730682373047,1.4959081411361694,-1.1886388063430786,0.17136049270629886,1.3095771074295044,0.3785302042961121,2.048157453536988,1.4725841283798218,-0.7911558747291565,0.3836454153060913,1.372292160987854,-1.4686952829360962,1.2900232076644895,0.2769627869129181,1.893181085586548,2.8248696327209486,1.2330440282821655,-1.8074932098388672,0.5957021713256836,-0.2159280627965927,0.1918901950120926,-0.5807521939277649,-0.0028713187202811237,0.6268976926803589
-1.5502514839172363,0.01734909787774086,-1.5545085668563845,-1.836181282997132,-1.106805682182312,-0.4497059583663941,-2.313169002532959,-1.7330931425094604,-3.974952936172485,-0.8839466571807861,0.3368504345417023,-2.008343458175659,-1.893680095672608,-1.0584604740142822,-0.04656993970274925,-1.8384233713150024,-1.5212749242782593,0.7773692607879639,-0.30460989475250244,-0.6290588974952698,0.36144688725471497,-1.3390341997146606,-1.4620962142944336,-2.93416428565979,-1.2725979089736938,1.0611250400543213,-3.137315273284912,-2.7180399894714355,-0.505327582359314,0.593045711517334,0.8397737741470337,0.5349146723747253,0.3204294741153717,-1.7249171733856201,-0.5970536470413208,1.8853293657302856,-0.4519619643688202,-0.9942237138748168,-0.4329293966293335,-0.3168635070323944,-1.5520602464675903,0.07667836546897888,1.5586004257202148,0.7350586652755737,1.727042555809021,-0.3141576051712036,3.8634450435638414,-2.7672693729400635,-0.2632916271686554,1.2986524105072021,-0.4760135114192962,-0.6276882886886597,0.8559929132461548,-0.3924319446086884,2.4094884395599365,-0.1831158697605133,-0.4120844900608063,2.635791540145874,1.1188750267028809,1.711657166481018,-1.357633352279663,0.14293795824050906,-0.6637107133865356,-0.09785115718841553,0.6553744077682495,-1.4143027067184448,1.3485127687454224,-0.061520006507635124,-1.6944297552108765,0.06941577792167664,0.07095548510551453,0.10901692509651184,0.3695246279239655,0.8273441791534424,1.8134995698928835
2.0,4.0,1.0,0.0,4.0,4.0,2.0,4.0,2.0,4.0,4.0,2.0,4.0,4.0,4.0,1.0,3.0,4.0,4.0,4.0,4.0,4.0,2.0,2.0,3.0,4.0,0.0,0.0,4.0,4.0,4.0,3.0,4.0,2.0,0.0,4.0,4.0,4.0,4.0,4.0,4.0,4.0,4.0,4.0,4.0,4.0,2.0,4.0,4.0,4.0,0.0,4.0,4.0,2.0,0.0,2.0,1.0,4.0,4.0,4.0,0.0,4.0,2.0,4.0,3.0,0.0,4.0,4.0,2.0,2.0,4.0,4.0,1.0,4.0,4.0
0.0,0.0,0.0,0.0,0.0,0.0,0.0,0.0,0.0,0.0,0.0,0.0,0.0,0.0,0.0,1.0,1.0,1.0,1.0,1.0,1.0,1.0,1.0,1.0,1.0,1.0,1.0,1.0,1.0,1.0,2.0,2.0,2.0,2.0,2.0,2.0,2.0,2.0,2.0,2.0,2.0,2.0,2.0,2.0,2.0,3.0,3.0,3.0,3.0,3.0,3.0,3.0,3.0,3.0,3.0,3.0,3.0,3.0,3.0,3.0,4.0,4.0,4.0,4.0,4.0,4.0,4.0,4.0,4.0,4.0,4.0,4.0,4.0,4.0,4.0
-0.13986006379127502,-0.1672409325838089,0.08011581003665924,1.3295572996139526,1.369429111480713,0.9693881273269652,1.9089980125427248,1.683686375617981,0.4397426843643189,1.506183385848999,-0.6610920429229736,1.187516689300537,1.6360406875610352,2.479339599609375,1.4496312141418457,0.2673328816890717,-0.07024997472763063,1.6420725584030151,1.300177812576294,1.5139905214309692,0.7569260597229004,0.9175844192504884,1.5015004873275757,-4.056619644165038,-2.428717613220215,0.4246566295623779,4.24524450302124,1.80685830116272,0.5890762209892273,1.065924048423767,0.7511745691299438,-1.0446094274520874,1.321327567100525,1.487312078475952,2.2515759468078613,1.4567145109176636,2.026751518249512,2.243058681488037,1.979783654212952,0.4870885610580444,1.3811633586883545,0.9033927917480468,-1.2404788732528689,0.6199589967727661,-0.9721502065658568,1.009644865989685,-3.2968721389770512,1.3658839464187622,1.2950010299682615,0.7361708283424377,2.1185588836669917,1.9097545146942136,0.9061306715011596,-0.4561101496219635,3.181990623474121,-3.3585996627807617,0.2971159219741821,0.11813044548034668,0.9305567741394044,-2.1665115356445312,2.615647315979004,-0.40712714195251465,-1.7912076711654663,1.883272647857666,0.47574383020401,2.3989582061767583,1.1477844715118408,1.7031996250152588,-1.8941601514816284,0.7474225759506226,1.1443310976028442,0.8646202683448792,-0.29335910081863403,1.277563214302063,0.9575464725494384
2.0110828876495357,-0.9610456824302672,3.804678678512573,0.4640525281429291,-1.731916069984436,-2.162250518798828,0.7085420489311218,0.08842639625072479,-2.93993878364563,-0.3643800914287567,-3.134812116622925,-2.620465040206909,-0.7335491180419922,-2.19227147102356,0.8509851098060608,0.858785092830658,-8.479601860046388,-1.524526596069336,-1.4623689651489258,-0.261614203453064,-1.1084977388381958,-0.7445402741432191,0.5408276319503784,-2.835611581802368,-6.793162822723389,-1.806597590446472,0.7195673584938049,-1.5114095211029053,0.4926112294197082,-1.4029245376586914,-1.939593315124512,-3.321696758270264,-0.4225817918777466,-2.584872245788574,-1.1504354476928709,-0.1396225243806839,-0.7191644310951233,-0.9501156210899352,-1.3957892656326294,-2.348557233810425,-0.2943840026855469,-0.9493070244789124,-0.3930280804634094,0.18918706476688385,0.023484807461500168,-1.8829948902130127,-6.571051597595215,-1.8510494232177728,-3.307578563690185,-1.04134202003479,0.5023326873779297,-0.4618819057941437,-0.4805738627910614,-0.6948336958885193,0.3019397556781769,-1.9861042499542243,1.7553794384002686,-3.2692534923553467,-2.307579517364502,-1.2406822443008425,-0.5551292300224304,0.001979958266019821,0.5484601259231567,-0.20332534611225128,-4.008876323699951,0.7532312870025635,-0.4064811170101166,-0.8383269906044006,-4.094420433044434,0.30570897459983826,-0.11541968584060668,-0.5991061925888062,2.1455092430114746,0.09390217065811156,-2.4000301361083984
2.854982614517212,0.3376902639865875,1.7600461244583132,-0.08596570789813995,0.10498621314764024,1.3807288408279421,2.255337238311768,-0.17285500466823578,3.02780818939209,-1.8927735090255733,1.2182748317718506,2.8289911746978764,-0.3692190945148468,2.3252525329589844,1.4521598815917969,-0.3515253365039825,0.4225897192955017,1.2328894138336182,1.7349168062210083,1.5090930461883545,2.479634523391724,-0.16496114432811734,2.219508409500122,3.54194450378418,2.1534087657928467,1.1872801780700684,-4.775146007537842,-0.7196136713027954,0.94403737783432,0.8987523317337036,2.1400883197784424,2.3340418338775635,1.4048428535461426,2.065896987915039,1.5368188619613647,1.4793983697891235,1.7490695714950562,1.1455601453781128,2.0979561805725098,1.7715929746627808,-0.6335294246673584,2.188895463943481,0.8008052110671997,1.4601850509643557,-0.06307437270879745,1.9121716022491453,2.877275228500366,1.5115212202072144,2.830208778381348,0.7857124805450441,0.8810530304908752,1.7947088479995728,1.2322049140930176,0.27797630429267883,0.4695373177528381,2.9027562141418457,0.002956232521682977,-3.2731730937957764,0.6616531014442444,1.5485867261886597,2.1216516494750977,1.9619494676589968,2.487866401672364,1.4998888969421391,1.5306037664413452,1.3252384662628174,0.34199658036231995,1.8676825761795044,3.2707359790802,1.852489948272705,0.3309989273548126,0.1547306925058365,0.08072205632925034,1.591288447380066,0.5960603952407837
-3.73037052154541,0.8105115294456482,-2.3847012519836426,0.26221784949302673,0.6635545492172241,1.1999127864837646,0.2393921762704849,-0.08342152088880539,-1.4930155277252195,1.608589768409729,-0.15060974657535553,-0.31548622250556946,-1.0517466068267822,-2.322848081588745,-1.2994301319122314,0.5631240606307983,5.4968085289001465,-1.1794743537902832,1.1975988149642944,-0.14378702640533447,0.3687739074230194,-0.01118447445333004,0.09123972058296204,1.5293430089950562,3.308708906173706,-0.5833558440208435,-2.442401885986328,-1.0743993520736694,0.5200132131576538,-0.3757683634757996,-0.8371916413307191,2.558039665222168,-0.5148544907569885,-0.4591079652309418,1.452583074569702,0.13916397094726562,-0.10135867446660997,-1.1170392036437988,-0.9429171681404114,0.3322083055973053,-0.9419347643852234,0.14184622466564178,1.1199671030044556,-0.4687687158584595,-0.4232560098171234,-0.860580325126648,1.6150819063186646,-0.6602590680122375,-0.5825542807579039,0.4762746691703797,0.5884007215499878,-0.7184891104698181,1.0902853012084959,-2.411348819732666,-2.2736358642578125,2.1579184532165527,1.0304572582244873,-0.16945840418338776,0.2471815794706345,0.4371683597564697,-1.0128989219665527,0.7380430698394775,-0.8112607598304749,-0.7413740754127502,2.203350305557251,0.6640606522560121,-0.09598972648382187,0.32922065258026123,1.6392728090286257,-0.32057157158851624,0.045094825327396386,1.2862151861190796,-2.3817501068115234,-0.6322650313377379,0.4997240602970123
0.4697165787220001,3.184861183166504,-3.569932699203491,0.19688236713409424,1.9445534944534304,2.786564350128174,-0.268453061580658,2.0270588397979736,-0.633557915687561,2.546962022781372,5.445326328277588,1.2145380973815918,3.1566071510314937,2.671590566635132,2.285853385925293,-2.799777030944824,-4.365973949432373,3.813279867172241,2.595146894454956,2.7113037109375,2.649320363998413,2.380667924880981,0.04394511133432388,2.157416582107544,1.7370632886886597,3.5015685558319087,-0.27317607402801514,0.7423483729362488,2.8424673080444336,3.9920771121978773,3.3013415336608887,0.7782511711120605,3.5904026031494136,1.9429813623428345,2.2431581020355225,2.670355796813965,3.2585818767547607,3.458015918731689,2.6515002250671387,3.6985814571380615,4.050687789916991,2.804424285888672,2.51435923576355,2.6196346282958984,4.64853048324585,4.721548080444336,2.657012224197388,3.7863054275512695,3.226839780807495,4.978276252746582,1.3033267259597778,3.398178815841675,2.403296709060669,-1.0318162441253662,1.5825965404510498,-0.9240564107894896,-0.7178264856338501,5.75858736038208,1.159294843673706,2.1868255138397217,1.3748940229415894,2.8299455642700195,1.934929728507996,2.6184864044189453,1.689033269882202,0.9866353273391724,3.945914506912232,2.659642219543457,-2.005501270294189,1.694611668586731,1.3175278902053833,1.928875088691712,1.80899441242218,2.8937366008758545,2.169227838516236
2.0,3.0,2.0,3.0,3.0,3.0,0.0,0.0,2.0,4.0,4.0,4.0,3.0,2.0,4.0,2.0,4.0,4.0,3.0,0.0,2.0,3.0,0.0,3.0,4.0,4.0,3.0,3.0,2.0,4.0,4.0,4.0,3.0,3.0,0.0,4.0,0.0,4.0,0.0,4.0,4.0,2.0,4.0,3.0,4.0,4.0,4.0,4.0,2.0,3.0,0.0,0.0,4.0,4.0,0.0,2.0,4.0,4.0,4.0,4.0,4.0,2.0,4.0,0.0,3.0,0.0,0.0,4.0,4.0,4.0,4.0,4.0,4.0,4.0,4.0
0.0,0.0,0.0,0.0,0.0,0.0,0.0,0.0,0.0,0.0,0.0,0.0,0.0,0.0,0.0,1.0,1.0,1.0,1.0,1.0,1.0,1.0,1.0,1.0,1.0,1.0,1.0,1.0,1.0,1.0,2.0,2.0,2.0,2.0,2.0,2.0,2.0,2.0,2.0,2.0,2.0,2.0,2.0,2.0,2.0,3.0,3.0,3.0,3.0,3.0,3.0,3.0,3.0,3.0,3.0,3.0,3.0,3.0,3.0,3.0,4.0,4.0,4.0,4.0,4.0,4.0,4.0,4.0,4.0,4.0,4.0,4.0,4.0,4.0,4.0
-1.1264032125473022,-1.300528645515442,-3.180804491043092,0.6055288910865784,0.15703803300857544,-0.0261516273021698,1.7199630737304688,1.39570415019989,-3.128807544708252,-0.34402263164520264,0.3321462869644165,-0.4939910471439362,-0.2109361886978149,1.3252618312835691,0.17354589700698853,-0.11074931174516678,-1.3505104780197144,0.7801916599273682,0.3724251389503479,1.3247896432876587,0.3811644911766052,0.027061007916927338,1.8236956596374512,-1.7593950033187866,-3.582256317138672,-0.4517510831356049,1.717124342918396,-0.06518446654081345,0.04475466161966324,1.0481400489807131,0.2405658662319184,0.6288761496543884,0.6908484101295471,0.8152962923049927,1.392621397972107,0.8677854537963867,1.6605069637298584,2.2609119415283203,1.6478246450424194,0.43271535634994507,0.8301615118980408,0.23960232734680176,-1.2479661703109741,-0.8688833117485046,0.1732538938522339,0.386133074760437,-6.382387161254883,1.5600296258926392,0.3728955984115601,0.4168107509613037,1.4974325895309448,1.5435744524002075,0.24153757095336914,-1.1730819940567017,1.2353726625442505,-2.825730323791504,-0.7676277756690979,0.2119113802909851,0.13754966855049133,-2.3986024856567383,0.5241823196411133,-1.0953764915466309,-1.2462176084518433,1.077525973320007,0.8728892803192139,1.0718158483505251,1.2851512432098389,1.020427942276001,-4.225366592407228,-0.1104852333664894,0.22090619802474976,-0.4376021027565001,-2.8309361934661865,-0.2992923855781555,-0.21521872282028198
-1.2879629135131836,-0.9798162579536438,0.2819626033306122,-2.00132155418396,-2.218885660171509,-2.3708271980285645,-1.2250981330871582,-2.1898326873779297,-3.0929946899414062,-0.7145678400993347,-1.8592174053192136,-2.945744514465332,-0.8674320578575134,-2.5401716232299805,-0.4534708857536316,-1.6035451889038086,-3.5336663722991943,-3.1970365047454834,-1.7352795600891109,-1.608004093170166,-1.828473329544068,-2.7984745502471924,-3.000316381454468,-0.3457927703857422,-2.5344159603118896,-1.6188980340957642,-2.9030971527099614,-4.008107662200929,-0.28329893946647644,-3.0615603923797607,-1.0456869602203371,-3.4686613082885738,-1.8044121265411377,-3.4797303676605225,-1.36508047580719,-1.8282850980758667,-1.878347635269165,-3.554994583129884,-1.8126025199890137,-2.8123714923858643,-1.1480882167816162,-0.4574992656707764,-0.9891811013221741,-0.9592083692550659,-0.15830813348293304,-1.641641616821289,-8.044044494628906,-2.9131886959075928,-2.966442584991455,-2.065136194229126,-1.214012861251831,-2.267838478088379,-1.4763914346694946,0.3862643837928772,-0.6666178703308105,-3.2825686931610107,-0.4728300273418426,-4.196067333221436,-3.824312686920166,-0.8409747481346129,-1.9203095436096191,0.5389452576637268,0.2913345992565155,-1.4683226346969604,-2.4843814373016357,-1.1618731021881104,-1.949143409729004,-2.032714605331421,-2.839428663253784,0.33686405420303345,-1.2959378957748413,-1.5718750953674316,-1.2668249607086182,-0.7875725626945496,-2.780621290206909
1.961488127708435,-1.314525485038757,1.5955765247344968,1.0672273635864258,0.017797024920582768,0.4530492126941681,1.3054684400558472,0.9728472828865052,4.379771709442139,-1.97002637386322,0.7975301146507263,1.660992980003357,0.2530344128608704,1.3695570230484009,0.6014183163642883,2.4952640533447266,-2.822323799133301,-0.2458355277776718,1.1177270412445068,0.5905454158782959,1.15921151638031,1.451667547225952,1.7116072177886963,0.1839607208967209,-2.293853521347046,1.2477842569351196,-5.1792802810668945,-1.4044795036315918,1.2015970945358276,-0.5349110960960388,0.8914253115653992,-0.2228511422872544,0.7383280396461487,0.502813458442688,1.118342041969299,0.07760728895664215,0.7097520232200623,-0.5313956141471863,1.3225730657577517,0.3860582709312439,0.09418860822916032,1.3098455667495728,1.317958116531372,0.3455242216587067,-0.044368550181388855,1.0402061939239502,2.4269280433654785,1.290822982788086,1.7675508260726929,-0.010420931503176693,0.4336357116699219,0.11430026590824127,1.0010255575180054,-0.8648878335952759,0.01985660381615162,2.952599287033081,1.3719199895858765,-4.043516159057616,1.7284400463104248,-0.5128259062767029,0.9295982718467712,0.9723998308181764,1.194399118423462,1.029697060585022,1.050384283065796,0.650635302066803,0.007973412051796913,0.4981507360935211,-0.7733704447746277,0.5897059440612793,0.6808280348777771,0.7230160236358643,0.2130302339792252,-0.007830411195755005,1.3954319953918457
-0.29701167345046997,1.88767409324646,1.3753752708435059,1.8380634784698489,2.362964153289795,2.360367774963379,1.0361355543136597,0.7341554760932922,-2.0340964794158936,1.867213010787964,0.04471457749605179,1.7686414718627932,1.5479516983032229,0.6491575837135315,0.3213993608951569,0.5188059210777283,-1.234654664993286,-0.0887857973575592,1.317016363143921,0.5654979348182678,0.9407129883766174,1.6534388065338137,0.8366793990135193,1.0738887786865234,0.4827545583248138,-0.2534509897232056,3.023121118545532,2.6387722492218018,1.0360182523727417,1.0021984577178955,0.2412674129009247,1.0100910663604736,0.9207594394683838,0.8387464880943298,1.259807586669922,0.7826076149940491,0.7622057795524597,0.10590411722660063,-0.5892341732978821,1.3046534061431885,0.16969522833824158,0.4831837117671967,0.877507746219635,1.5352118015289309,0.0328977108001709,-0.08715680241584778,-0.5885800719261169,-0.9361143112182616,1.2412164211273191,2.129162311553955,0.2293826788663864,1.0142970085144043,0.4954515397548676,-1.8181440830230715,-0.9462004303932192,1.2879328727722168,0.6545602679252625,-0.2339605689048767,1.0110046863555908,1.2846224308013916,0.457034707069397,0.19251605868339536,-0.030788615345954895,-0.1923094391822815,1.5499050617218018,0.7690940499305725,0.9120602011680604,0.9124372601509094,-0.08715839684009552,0.0936451256275177,-0.04992617666721344,1.4689884185791016,2.1896893978118896,0.023202572017908096,1.0076928138732908
1.0951333045959473,1.7233942747116089,0.9874218106269836,0.6607342362403871,0.5293532609939575,0.5306788682937622,-0.7428938746452332,0.4524139761924744,2.018765926361084,3.147765636444092,2.068233251571656,1.7721365690231323,1.3309065103530884,0.9529786109924316,0.8523380756378174,-1.0662193298339844,0.967709183692932,3.190240859985352,1.0952633619308472,1.2750662565231323,1.1525813341140747,-0.338870108127594,1.535634160041809,0.5777878165245056,4.396932601928712,2.4087514877319336,0.5875176787376404,2.201223611831665,0.6137391328811646,2.468390703201294,1.211811065673828,1.5009632110595703,0.8797925710678101,0.26723182201385504,0.6137358546257019,2.135178804397583,0.9136001467704772,2.515267133712769,1.293289065361023,2.049454927444458,2.0296194553375244,0.8212880492210388,1.7589093446731567,1.2534443140029907,2.419960021972656,2.130657911300659,4.6659417152404785,2.024001121520996,1.100334644317627,1.8239889144897456,1.26897132396698,1.1306501626968384,2.196657419204712,3.227231740951538,1.0759720802307131,-0.2619050741195679,1.5953381061553955,6.307586193084718,2.091543197631836,3.5975236892700195,1.3646224737167358,0.6285398602485657,1.4904340505599976,0.42634940147399897,0.7457711100578308,0.8755618333816528,0.9946703314781188,1.5168181657791138,2.010512113571167,0.8907926678657532,1.917112112045288,2.1529998779296875,3.8081412315368652,2.750178337097168,1.8002429008483891
2.0,3.0,2.0,2.0,3.0,3.0,0.0,3.0,2.0,3.0,3.0,2.0,2.0,0.0,2.0,2.0,3.0,4.0,4.0,2.0,4.0,3.0,2.0,2.0,3.0,2.0,3.0,2.0,3.0,4.0,4.0,4.0,4.0,3.0,3.0,3.0,2.0,4.0,2.0,2.0,2.0,3.0,2.0,3.0,4.0,4.0,2.0,4.0,3.0,4.0,2.0,4.0,4.0,4.0,4.0,2.0,2.0,4.0,4.0,3.0,2.0,3.0,4.0,3.0,3.0,3.0,4.0,4.0,2.0,2.0,2.0,2.0,4.0,4.0,4.0
0.0,0.0,0.0,0.0,0.0,0.0,0.0,0.0,0.0,0.0,0.0,0.0,0.0,0.0,0.0,1.0,1.0,1.0,1.0,1.0,1.0,1.0,1.0,1.0,1.0,1.0,1.0,1.0,1.0,1.0,2.0,2.0,2.0,2.0,2.0,2.0,2.0,2.0,2.0,2.0,2.0,2.0,2.0,2.0,2.0,3.0,3.0,3.0,3.0,3.0,3.0,3.0,3.0,3.0,3.0,3.0,3.0,3.0,3.0,3.0,4.0,4.0,4.0,4.0,4.0,4.0,4.0,4.0,4.0,4.0,4.0,4.0,4.0,4.0,4.0
1.2007498741149902,-0.8008936643600464,0.6926109194755554,-0.22381547093391416,1.3050734996795654,0.22167137265205386,2.1814408302307133,0.4746995866298676,-2.4142529964447017,-2.0945494174957275,-2.7099714279174805,-1.8445775508880613,1.0111839771270752,1.8033058643341064,-0.21674281358718872,1.7375783920288086,-5.125703811645508,-1.248187780380249,-0.4901189804077149,0.5147638916969299,-1.5099701881408691,-2.6084275245666504,0.15136924386024475,-4.3471198081970215,-4.215244770050049,0.7637423872947693,-0.2514994442462921,-0.13700228929519653,0.29376643896102905,-0.32765331864356995,-3.069267988204956,-4.173102378845215,-0.7482302784919739,-2.855444431304932,0.7028759121894836,-0.7949828505516052,-0.007736407220363617,-0.6377279162406921,-1.0054191350936892,-0.915822982788086,-2.9387328624725337,-2.1480674743652344,-1.9101572036743164,-2.16286301612854,-1.7197365760803225,0.11386760324239732,-6.097728252410889,-0.96079021692276,-0.3825351297855377,-1.8638558387756348,0.7126199007034302,-1.283156156539917,-0.2766343355178833,-4.51127290725708,-1.9184455871582031,-2.296963930130005,0.3467410206794739,-0.2841330468654633,0.29305514693260193,-2.3175058364868164,-1.0631371736526491,-4.082808017730713,-1.6820718050003052,-2.415980815887451,-1.5044931173324585,0.35707950592041016,-1.8033757209777832,-1.1101518869400024,-7.178842544555664,-0.6228099465370178,1.020788073539734,-1.817135572433472,-1.4575183391571045,-2.5571215152740483,-0.6415400505065918
-0.7573578357696533,-0.9751203060150146,0.4528127014636994,1.3418991565704346,-1.024601936340332,-1.2059028148651123,-0.2405798882246017,0.0997440665960312,-6.262453556060791,-0.4513618648052216,-2.618635892868042,-0.4076207578182221,0.8561005592346191,-1.5856716632843018,0.25008997321128845,-2.271075487136841,-9.82254695892334,-3.6614665985107417,-2.1219899654388428,-0.5327156782150269,-1.8803720474243164,-1.3193750381469729,-1.8592367172241209,-1.1099917888641355,-3.766505241394043,-1.6437199115753174,-1.7204148769378662,-0.7366101145744324,-0.4247685372829437,-1.7836261987686155,-1.7722945213317869,-2.174047470092773,-1.353936791419983,-2.8107118606567383,-0.2473869770765305,-1.3915754556655884,-0.9112915992736816,-2.9284591674804688,-2.475799322128296,-2.5551128387451167,-2.4313621520996094,-1.3199743032455444,-0.22161804139614105,-0.7452696561813354,-1.1770834922790527,-1.5560505390167236,-3.5624771118164062,-2.9611566066741943,-2.6880807876586914,-1.7252037525177002,-0.3652928769588471,-1.0293312072753906,-0.6908955574035645,0.053902987390756614,-0.8762831687927246,-2.01898193359375,0.3342380225658417,-3.145127534866333,-3.4772353172302246,-2.0138807296752934,-1.314630150794983,-0.5160732865333557,-0.4021684229373932,-0.1930901259183884,-1.6228450536727903,-0.5722540020942688,-1.9127368927001955,-1.3177520036697388,-4.3889498710632315,-1.1150288581848145,-1.6020629405975342,-1.7812743186950684,-0.5308856368064879,-1.3939024209976196,-3.407610416412353
4.204915523529054,-0.17818821966648102,1.0595978498458862,1.925546407699585,0.34144508838653564,1.5708401203155518,1.948943853378296,-0.10944664478302002,4.0314011573791495,0.9891638159751892,2.043262720108032,3.588052988052368,1.7324297428131104,1.7402822971343994,1.2309709787368774,2.168785810470581,-3.1095595359802246,1.122841238975525,1.4970780611038208,1.5434542894363403,1.3384404182434082,0.33085137605667114,2.3277599811553955,3.362501382827759,1.596696853637695,3.026100873947144,-0.21180522441864014,1.5344326496124268,0.7248589992523193,0.7040746808052063,2.10861611366272,-0.2608520984649658,1.2262158393859863,1.3022195100784302,1.4941351413726809,1.5630860328674316,2.4994053840637207,1.305858492851257,2.4736697673797607,2.455829381942749,2.8361494541168213,1.2662376165390017,2.638113021850586,0.6435011625289917,0.5744643211364746,1.8989708423614504,4.026779651641847,0.10543954372406006,1.0487493276596072,1.5077500343322754,1.5369929075241089,1.59037446975708,1.626218318939209,-0.6161820888519287,-0.8347111940383911,3.482396125793457,2.7446825504302983,-2.1840124130249023,1.4538938999176023,1.6860496997833252,2.2098052501678467,1.6508731842041016,1.344578504562378,0.9759989976882936,0.4577310681343079,1.4928386211395264,-0.4415856897830963,1.9533787965774536,0.842756986618042,2.830382823944092,1.3407642841339111,3.0501134395599365,1.2799726724624634,1.721599817276001,0.29950761795043945
-1.2375560998916626,1.352869987487793,0.2500343918800354,-0.6295535564422607,1.8845856189727783,2.010272979736328,1.2598975896835327,2.0702831745147705,2.0529978275299072,2.2523553371429443,2.1117715835571294,0.050776422023773186,-0.5653846263885498,-0.4832381308078766,0.5155563950538635,1.347862958908081,4.1030049324035645,1.8326964378356927,1.4033962488174438,0.8974533081054688,1.835160493850708,2.4743516445159908,1.2214903831481934,1.8229361772537231,3.4969499111175537,0.0618700236082077,0.6533902883529663,1.1274071931838991,1.7691047191619873,0.9039977788925172,-0.15814444422721866,1.5106661319732666,1.3469910621643066,1.8451142311096191,1.960001826286316,2.0550549030303955,1.6852902173995972,1.1756699085235596,0.877363920211792,1.495679497718811,2.757657289505005,1.6002705097198486,0.5866180658340454,1.685534954071045,0.34368833899497986,0.2783991098403931,-2.2626206874847408,2.0336291790008545,1.6832664012908936,1.6406278610229492,1.0257793664932249,1.4048793315887451,0.5632436275482178,-2.21882963180542,1.8454444408416748,0.8453243970870972,1.0005477666854858,1.7861990928649902,1.2252063751220703,1.77082622051239,1.7627310752868652,1.6877499818801882,0.8378212451934814,1.5784857273101809,2.280813217163086,2.437464952468872,2.2290499210357666,1.4451382160186768,-0.5981384515762329,1.3854392766952517,0.42135998606681824,2.682086944580078,0.3596900403499603,1.500413179397583,0.9827882051467896
-3.0608787536621094,1.2518978118896484,-1.2617450952529907,-0.2711343169212341,-1.6922659873962402,-0.3989715874195099,-1.9041311740875244,0.1447220742702484,0.12076464295387268,0.8014633655548096,1.610639572143555,-0.5257916450500488,-0.9131041765213012,-0.34081950783729553,-0.23784449696540835,-1.6880843639373782,1.5843338966369631,2.103622436523437,1.7084215879440308,0.9209921360015868,1.8802758455276487,-0.12590667605400085,1.194685459136963,-1.4474060535430908,-0.7412427663803101,0.8545612096786499,-0.4985946416854858,-1.1368887424468994,0.7121578454971313,1.926512360572815,2.414541006088257,3.5185906887054443,1.61266028881073,1.1731505393981934,0.8691819906234741,1.8201111555099487,0.4653246700763702,1.9043636322021484,1.7362983226776123,1.9231603145599363,2.1636438369750977,0.924719214439392,1.5681015253067017,1.3039220571517944,3.7540674209594727,2.301527976989746,-0.9108711481094359,2.147180795669556,1.2068157196044922,3.651357412338257,0.7869073152542114,2.0357961654663086,2.595728874206543,1.3586705923080444,3.65471076965332,-2.4969890117645264,-0.6876376867294312,4.519331932067871,1.8290305137634284,1.291966438293457,0.8779555559158325,1.0765256881713867,1.6475532054901123,1.3575618267059326,0.7006562948226929,0.2599484324455261,4.114121913909912,2.13325834274292,-1.6209698915481567,0.8623024225234985,0.6925983428955078,0.3348928987979889,2.0314137935638428,2.41025710105896,1.88714063167572
2.0,3.0,0.0,0.0,3.0,2.0,2.0,2.0,2.0,3.0,2.0,2.0,0.0,2.0,2.0,0.0,3.0,2.0,2.0,2.0,2.0,2.0,3.0,2.0,3.0,2.0,0.0,0.0,2.0,2.0,2.0,0.0,2.0,3.0,3.0,2.0,3.0,4.0,2.0,2.0,4.0,2.0,3.0,2.0,3.0,2.0,2.0,2.0,2.0,3.0,2.0,3.0,3.0,2.0,4.0,2.0,0.0,4.0,3.0,2.0,2.0,2.0,2.0,2.0,2.0,2.0,3.0,4.0,2.0,2.0,0.0,2.0,3.0,4.0,3.0
0.0,0.0,0.0,0.0,0.0,0.0,0.0,0.0,0.0,0.0,0.0,0.0,0.0,0.0,0.0,1.0,1.0,1.0,1.0,1.0,1.0,1.0,1.0,1.0,1.0,1.0,1.0,1.0,1.0,1.0,2.0,2.0,2.0,2.0,2.0,2.0,2.0,2.0,2.0,2.0,2.0,2.0,2.0,2.0,2.0,3.0,3.0,3.0,3.0,3.0,3.0,3.0,3.0,3.0,3.0,3.0,3.0,3.0,3.0,3.0,4.0,4.0,4.0,4.0,4.0,4.0,4.0,4.0,4.0,4.0,4.0,4.0,4.0,4.0,4.0
1.4357742071151731,1.0635664463043213,2.253415822982788,1.6815911531448364,1.87799072265625,0.9386895895004272,0.4519281983375549,1.1131247282028198,-0.6970998644828796,-0.933669924736023,-0.012430541217327118,2.352449893951416,2.091186046600342,1.211305856704712,0.5958206057548523,4.024987697601318,-2.253220796585083,-1.6865837574005127,0.7954319715499878,0.5823189616203308,0.1348121166229248,0.4703130722045898,1.8441081047058103,-0.6147064566612244,-0.4575068056583405,1.3401765823364258,3.635590314865112,1.5043177604675293,-0.401419073343277,-1.0625722408294678,1.4515504837036133,1.7306764125823977,-0.02559564262628556,0.8544499278068542,0.8481505513191223,-0.9074741005897522,0.06114891916513442,-1.92344069480896,1.6885480880737305,0.9724225997924804,-1.6475992202758791,-0.01956864446401596,-0.15550583600997925,-0.5024955868721008,-1.9993863105773928,0.7019251585006714,0.04954200237989426,0.2759765982627869,-0.4719324409961701,-1.5423338413238523,1.2043347358703609,-0.3481763303279877,-0.3873572945594788,0.9789320230484008,0.07925722748041153,0.716438889503479,1.5297136306762695,-3.315214157104492,0.3214644193649292,-1.7077974081039429,1.0045971870422363,-0.7433186769485474,-0.9951996803283693,-0.5029292106628418,-0.3746619820594788,1.4776414632797241,-0.9954259395599364,1.4036502838134766,-1.9135221242904663,-1.208582639694214,2.153195142745972,0.5182863473892212,-1.9248768091201784,-0.9339935779571532,-0.6233000755310059
-2.454427480697632,-1.466472864151001,0.1856120228767395,0.7844009399414062,-2.707221031188965,-1.782867431640625,-0.6206434369087219,-1.6113048791885376,-4.484085559844972,-3.580106019973755,-1.8181532621383667,-3.0051589012146,-0.17817077040672302,-2.1288831233978267,-0.19546887278556824,-3.353846788406372,-3.96592116355896,-0.421247661113739,-0.9155487418174744,-0.9316730499267578,-1.333873629570007,-1.2215442657470703,-2.3149197101593018,-2.873544931411743,-2.791675806045532,-2.2610092163085938,-2.42774510383606,-4.8516435623168945,0.7088943123817444,-1.1000714302062988,-2.479235887527466,-2.806350946426392,-0.1835977137088776,-2.696136713027954,-1.161185622215271,-0.5129421949386597,-0.8051472306251526,-0.023838434368371964,-3.385141134262085,-2.8197097778320312,-1.6302443742752075,-2.5101640224456787,-1.784875512123108,0.027893643826246255,0.01808273419737816,-1.4752349853515625,-4.26935338973999,-1.136596441268921,-1.9595364332199097,-1.2082096338272097,-1.0006577968597412,-0.7357165217399597,-1.6146820783615112,-0.4871863722801209,0.4357259869575501,-5.104339599609375,-1.3945084810256958,-0.5756532549858093,-2.96333384513855,-2.0586116313934326,-0.6203798651695251,0.7329859137535095,-0.9767873883247375,0.1093311458826065,1.2121144533157349,-1.0718523263931274,-0.5190356969833374,-2.626821279525757,-5.699227333068848,-1.0654484033584597,-2.419006586074829,-2.641129732131958,-1.4084593057632446,-1.1342360973358154,-1.5776311159133911
4.047593593597412,0.9378820657730104,1.5863431692123413,-0.2570212483406067,0.9158831834793092,2.6557719707489014,3.07063889503479,2.6113650798797607,3.2872629165649414,0.3981149196624756,2.6596360206604004,2.7676005363464355,0.4464035630226135,3.6902477741241455,1.832442045211792,0.7306352257728577,-1.4232954978942869,2.526321649551392,2.0536563396453857,1.8800158500671393,2.8813877105712886,3.1675803661346436,1.818098306655884,2.1385641098022456,-0.18652889132499686,2.4803059101104736,-1.3292394876480105,-0.24488694965839386,2.1482653617858887,2.797935962677002,2.554243803024292,0.7635625600814819,2.0520501136779785,1.7796964645385742,1.8119481801986688,2.5511186122894287,2.149698734283448,2.309611558914185,3.362788200378418,2.7630200386047363,1.4220308065414429,2.019527196884156,1.7456313371658323,2.1634304523468018,0.6990045309066772,2.0725727081298837,4.0054192543029785,2.5201268196105957,2.692777633666992,1.4025559425354004,2.139261245727539,2.0661213397979736,1.7829226255416868,1.776587724685669,1.1442968845367432,5.346861362457275,0.7940501570701599,0.116355761885643,1.4559580087661743,2.635082721710205,2.666452646255493,1.489126443862915,2.072077989578246,1.938969135284424,1.762864589691162,2.48097562789917,1.375676155090332,1.5580408573150637,2.104347944259644,2.640015125274658,1.0700595378875732,2.179741621017456,2.279892921447754,2.347405195236206,1.2396643161773682
-2.7272257804870605,1.4219672679901123,-1.0632795095443726,1.6206108331680298,2.8714220523834237,1.4896763563156128,0.4889688789844513,1.6964402198791504,2.688112497329712,3.8642361164093018,1.0453872680664062,0.8520562648773193,0.5590443611145021,0.6044389009475708,0.5747621059417725,0.5510221719741821,2.7387192249298096,0.4312419295310974,0.9625152349472046,1.4595012664794922,1.0597589015960691,0.8057461380958557,2.224123239517212,1.0266845226287842,1.695520043373108,0.809305727481842,0.05121932178735733,1.2407772541046145,1.006479263305664,1.063978910446167,0.7612184286117554,-1.605204463005066,1.4079393148422241,1.9492437839508057,2.7989437580108643,1.4194737672805786,2.4819495677948,0.09127447754144667,0.2036191374063492,1.1530992984771729,2.8178634643554688,1.6955412626266482,1.94450318813324,0.8321242928504944,2.6646416187286377,0.7807407975196838,-3.6806113719940186,0.2573053240776062,2.1906688213348398,3.033975839614868,1.0512986183166504,2.0734844207763667,3.0076723098754883,-3.3470587730407715,0.3607079684734345,-1.6159162521362305,1.474602460861206,1.8537673950195312,3.85233211517334,1.3352267742156982,0.7877221703529358,1.2473994493484497,1.8184281587600708,0.8344091773033142,-0.04904472827911377,1.0915777683258057,2.5787689685821533,1.8762450218200684,-1.7078474760055542,0.44009891152381897,1.481477975845337,0.939569056034088,2.68137264251709,0.025005975738167763,2.950300455093384
0.20991800725460047,1.2327449321746826,-1.026365876197815,-0.8977804183959961,-0.15770019590854645,0.07130888849496841,0.5939503312110901,0.4825879633426666,-3.4937660694122314,1.9665149450302124,1.5374579429626465,-1.450361251831055,0.7078335285186768,0.8206678628921509,0.9743061661720276,-2.2814834117889404,-7.543038368225098,1.96127724647522,0.7411682009696959,1.5421596765518188,0.8734043836593628,-0.7746232151985168,0.6937621831893921,-0.02016562782227993,-1.7545406818389893,1.256256341934204,-2.606344699859619,-0.14081460237503052,0.9158516526222228,1.9766514301300049,0.8525927066802979,-1.3441708087921145,0.7466356754302979,-0.1630917191505432,0.7715268135070801,1.8448868989944456,0.8523846864700317,2.333516359329224,1.2581182718276978,0.8371593356132507,2.961493015289306,1.51285719871521,1.3862518072128296,0.9971880912780762,2.1241447925567627,1.5752390623092651,-3.407410860061645,0.6934375166893005,1.2206904888153076,2.7397594451904297,0.957233428955078,1.1954166889190674,1.942472219467163,-1.5466355085372925,1.4583348035812378,-2.106894493103028,0.9785573482513428,4.341838359832764,-1.1219937801361084,0.12263336032629013,1.1140642166137695,0.2744639217853546,1.5927673578262331,1.283597111701965,0.1134810745716095,0.8389489650726318,1.9359508752822883,2.0922839641571045,-3.864626407623291,1.8465590476989744,1.2957172393798828,1.4346888065338137,1.2998569011688232,3.0804369449615483,1.0131069421768188
2.0,2.0,2.0,2.0,2.0,2.0,2.0,2.0,2.0,4.0,2.0,2.0,2.0,2.0,2.0,2.0,3.0,4.0,2.0,2.0,2.0,2.0,2.0,2.0,3.0,2.0,0.0,3.0,2.0,2.0,2.0,3.0,2.0,2.0,2.0,4.0,2.0,4.0,2.0,2.0,4.0,2.0,2.0,2.0,4.0,2.0,2.0,2.0,2.0,2.0,2.0,2.0,2.0,2.0,4.0,2.0,2.0,4.0,3.0,1.0,2.0,2.0,2.0,2.0,2.0,2.0,4.0,2.0,2.0,1.0,2.0,2.0,4.0,2.0,4.0
0.0,0.0,0.0,0.0,0.0,0.0,0.0,0.0,0.0,0.0,0.0,0.0,0.0,0.0,0.0,1.0,1.0,1.0,1.0,1.0,1.0,1.0,1.0,1.0,1.0,1.0,1.0,1.0,1.0,1.0,2.0,2.0,2.0,2.0,2.0,2.0,2.0,2.0,2.0,2.0,2.0,2.0,2.0,2.0,2.0,3.0,3.0,3.0,3.0,3.0,3.0,3.0,3.0,3.0,3.0,3.0,3.0,3.0,3.0,3.0,4.0,4.0,4.0,4.0,4.0,4.0,4.0,4.0,4.0,4.0,4.0,4.0,4.0,4.0,4.0
1.1374903917312622,-1.4932451248168943,-0.1181773990392685,1.044153094291687,0.6342699527740479,0.5210045576095581,0.2468148171901703,-0.19042621552944186,-3.019795656204224,-1.198508858680725,-1.149036169052124,-0.2591908276081085,1.1930704116821291,0.9508336782455444,1.0866265296936035,0.4757138788700104,-1.5927841663360596,0.3313767910003662,0.18072637915611267,0.2941559851169586,-0.4021126925945282,-0.4194468557834625,-0.08036185801029205,-1.258471965789795,-4.615509510040283,-0.5197049379348755,2.9106669425964355,-1.275752067565918,-0.06568322330713272,-0.2260125130414963,0.5033786296844482,-0.4989504516124725,0.5256065130233765,0.20487496256828308,0.3379530608654022,-0.957983136177063,0.8823305368423462,0.3642949461936951,1.1180273294448853,-0.033525630831718445,-0.2695958912372589,0.06817767024040222,-1.628226399421692,-0.7421593666076659,-1.0564779043197632,-0.3375551700592041,-2.553150177001953,0.4584645330905914,0.6279679536819458,-0.9364330768585204,0.4184597432613373,0.23725378513336184,-0.031722575426101685,-0.6362608671188354,0.2610299587249756,-1.3555612564086914,-0.1567331850528717,-1.7364962100982666,-0.5476447939872742,-2.8829741477966313,0.38090941309928894,-0.808422327041626,-1.6397972106933594,0.3237138092517853,-0.2635256052017212,0.8362593650817871,-0.3100993633270264,-0.20880165696144104,-3.941498279571533,-1.0706385374069214,-0.4668732881546021,-1.2590813636779783,-4.381760597229004,-0.3498798906803131,-0.5704765319824219
-1.0270203351974487,-0.7720710635185242,1.0603985786437988,-0.9962950348854064,-0.6820119023323059,-0.441796749830246,0.6314477324485779,-0.7353337407112122,-8.108792304992676,-0.2963850200176239,-1.319013595581055,-1.2330284118652344,0.3354004323482513,-1.7692584991455078,0.7388765215873718,-2.0800063610076904,-8.15327262878418,-1.836540937423706,-0.37460020184516907,0.2206944227218628,-0.5171891450881958,-0.3983024060726166,-1.4224040508270264,-1.0488462448120115,-3.2793347835540767,0.1292082965373993,2.0475077629089355,-1.1146206855773926,0.3551622331142425,0.6964293122291565,0.22376206517219546,-0.8226898312568665,-0.12165047973394395,-0.7847598195075989,-0.1570022702217102,-0.4400482177734375,-0.33533090353012085,-0.8957467675209045,-0.8653914332389832,-0.5361166596412659,-0.07790715247392654,0.0730803981423378,0.8322114348411559,0.10673143714666368,1.46343994140625,-0.019502662122249603,-5.202229499816895,-0.26060786843299866,-0.6114529967308044,-0.6682141423225403,0.4817975759506226,0.4477045238018036,-0.28786203265190125,0.16365480422973633,1.2384803295135498,-0.8010706305503845,-1.15021812915802,-3.158798933029175,-0.9299441576004028,1.9134721755981443,0.10417551547288896,0.5425552725791931,0.38160595297813416,0.4471866190433502,-0.2650301158428192,-0.3170181214809418,0.6289055347442627,-0.09522753208875656,-2.7511143684387207,1.5753121376037598,-0.34700942039489746,-1.1125617027282717,1.8570909500122068,0.5331683754920961,0.8455586433410645
4.009124755859375,2.0658283233642583,2.3810293674468994,2.0453872680664062,2.1927633285522456,2.0189433097839355,2.6221599578857417,3.172205924987793,7.178009033203125,0.21129906177520752,2.76983904838562,3.31669020652771,1.944601893424988,3.114372968673706,1.6559122800827026,4.0828351974487305,-10.409541130065918,1.7984942197799685,1.6884520053863523,1.8162280321121216,2.724855899810791,2.9973540306091313,2.705338954925537,1.7665083408355713,1.2700375318527222,1.507926106452942,-4.459657192230225,0.7112817168235779,2.3057482242584233,1.5983102321624756,1.8724427223205569,-0.24106648564338684,1.9791539907455444,1.2447988986968994,2.0250144004821777,1.5711559057235718,1.5025670528411863,1.4305912256240845,2.1828258037567143,3.1418778896331787,0.3029418885707855,1.3937925100326538,2.58156156539917,2.0452680587768555,1.2804765701293943,2.0579302310943604,6.690249443054199,1.8606394529342647,2.388373613357544,1.6523871421813965,2.0606119632720947,1.0542725324630735,1.6115674972534182,2.229276180267334,0.95163756608963,5.27643632888794,2.262826681137085,0.16131216287612915,0.8803794980049133,-0.3084061145782471,1.715169072151184,1.6923234462738037,2.1588850021362305,2.0420393943786617,2.792816638946533,1.8815927505493164,1.1257505416870115,1.2958574295043943,-0.10051603615283966,1.5507354736328125,2.6293671131134038,3.437660217285156,-0.2021193206310272,1.5403738021850586,-1.2167688608169556
-2.214244842529297,-0.04973626136779785,-0.4953331649303436,0.051972612738609314,0.2216109782457352,0.4549544155597687,-1.1735892295837402,0.2876352667808533,0.997292935848236,1.1651155948638916,1.111691951751709,0.01783565990626812,-0.8814812898635864,0.5881316065788269,-0.6757181286811829,0.5843959450721741,0.7166271805763245,0.12928713858127594,0.09475664794445038,-0.4889441430568695,-0.17647556960582733,1.2552369832992554,0.2806392014026642,0.5946478247642517,2.3302249908447266,-0.09273763000965117,-0.023000406101346016,0.7941064238548279,0.8461167812347412,-0.10804934799671173,-0.6121841073036194,0.4866367280483246,-0.25184768438339233,0.7217060923576355,0.28220853209495544,-0.3287261426448822,0.18000982701778412,-0.3246871829032898,-0.4622299373149872,-0.03952951729297638,0.4964183866977692,0.19776776432991028,0.10669374465942384,0.3174329698085785,-0.8427751660346985,0.0240194033831358,-2.8986225128173833,0.276223361492157,0.19489024579524994,0.28331372141838074,0.4215948879718781,-0.051872879266738885,-0.04171921312808991,-2.81902289390564,0.13894885778427124,-0.4124332666397095,1.6599037647247314,-0.06906481087207794,1.4468728303909302,0.9263343811035156,0.5662087798118591,1.0560853481292725,0.569724977016449,0.5762593746185303,0.9862614870071412,0.6372483968734741,-0.4280979335308075,0.6134219169616699,-1.8278292417526243,-0.4238417446613312,0.5140203833580017,1.1339478492736816,0.5098899602890015,-0.35071372985839844,0.6460118293762207
-0.4396464228630066,1.5056722164154053,-1.6204228401184082,-1.3239420652389526,0.047653138637542725,0.22145533561706546,-0.22139012813568115,0.6157284379005432,0.444182813167572,1.3963165283203125,2.041778564453125,0.10545673966407776,1.1043678522109983,0.9490452408790588,0.6365047097206116,-3.22237491607666,-1.5133225917816162,2.0431272983551025,0.3660939633846283,1.0076054334640503,0.8966270089149475,-0.2367366254329681,0.39429616928100586,1.7663732767105105,2.0615246295928955,1.2088243961334229,-1.4021830558776855,0.13223272562026978,0.3150976300239563,0.9374129176139832,1.3670785427093506,-0.9447975158691406,1.0556546449661257,0.5627039074897766,0.2330405712127685,1.5980855226516724,0.9930371642112732,2.1551313400268555,0.5177128911018372,0.6136742830276489,2.2283742427825928,0.6530026197433472,-0.033095598220825195,0.622840940952301,1.8784611225128172,1.476819634437561,-1.3075209856033323,0.333011269569397,1.5730870962142944,1.5161105394363403,-0.4459564089775085,0.9425365924835204,0.30550265312194824,1.2214728593826294,1.3196965456008911,-1.2603890895843506,-0.10920685529708862,3.7774250507354736,0.401364266872406,0.2014247626066208,-0.4654576778411865,0.2451469302177429,-0.3533420264720917,0.2391337752342224,0.017405807971954346,-1.3154432773590088,1.7568306922912598,0.23572880029678345,-0.34357988834381104,-0.07760787010192871,0.2524653077125549,0.3668132424354553,2.4357876777648926,0.9196972250938416,2.0347528457641597
2.0,3.0,3.0,3.0,3.0,3.0,2.0,3.0,2.0,4.0,3.0,2.0,1.0,3.0,0.0,2.0,3.0,4.0,3.0,0.0,3.0,3.0,3.0,4.0,4.0,2.0,3.0,3.0,3.0,4.0,2.0,3.0,4.0,3.0,3.0,4.0,3.0,4.0,3.0,2.0,4.0,4.0,4.0,4.0,4.0,4.0,2.0,4.0,3.0,4.0,3.0,4.0,3.0,0.0,0.0,2.0,3.0,4.0,2.0,3.0,3.0,4.0,3.0,3.0,3.0,3.0,4.0,3.0,3.0,3.0,3.0,3.0,4.0,4.0,3.0
0.0,0.0,0.0,0.0,0.0,0.0,0.0,0.0,0.0,0.0,0.0,0.0,0.0,0.0,0.0,1.0,1.0,1.0,1.0,1.0,1.0,1.0,1.0,1.0,1.0,1.0,1.0,1.0,1.0,1.0,2.0,2.0,2.0,2.0,2.0,2.0,2.0,2.0,2.0,2.0,2.0,2.0,2.0,2.0,2.0,3.0,3.0,3.0,3.0,3.0,3.0,3.0,3.0,3.0,3.0,3.0,3.0,3.0,3.0,3.0,4.0,4.0,4.0,4.0,4.0,4.0,4.0,4.0,4.0,4.0,4.0,4.0,4.0,4.0,4.0
-2.7909340858459473,-0.5233170986175537,-2.251434326171875,-1.731385350227356,0.9482257962226868,-0.6671485304832458,0.264657586812973,-0.06492947787046432,-1.4970062971115112,-0.27478739619255066,-0.6446505784988403,-0.49355053901672363,0.2613942623138428,1.4540812969207764,1.548572063446045,-2.39697265625,2.232106924057007,0.17060524225234985,0.09850391000509262,0.8488512635231018,-0.9083265662193298,-0.2427007257938385,0.19327688217163086,-2.915098190307617,-5.3166022300720215,-0.4947555363178253,-0.6003332734107971,-3.126843214035034,-0.4756793975830078,-0.4825825095176697,-0.24747207760810852,-4.981044292449951,-0.009958580136299133,-0.1423175036907196,0.39810872077941895,-1.205453634262085,0.6523876190185547,0.14778968691825867,-0.30410313606262207,-1.598633885383606,1.2153842449188232,-1.969778060913086,-2.5204219818115234,-0.7069301605224609,0.7217537760734558,-0.00595768541097641,-7.7946953773498535,-0.4502745568752289,0.36955177783966064,-2.1154091358184814,-0.0853615328669548,-0.8906289339065552,-1.7181665897369385,1.4569848775863647,0.8973113894462585,-4.258233547210693,-0.9919818043708801,-1.367034912109375,-0.8125069737434387,-4.96839714050293,-1.8964650630950928,-0.9797027707099915,-2.9644157886505127,-0.6025307774543762,-2.7735273838043213,-0.6829670667648315,-0.6448407769203186,-1.2398133277893066,-0.8636232614517212,-1.638755440711975,-2.500444173812866,-3.864666223526001,-4.972448825836182,-2.7156147956848145,-1.4251435995101929
0.5853389501571655,-1.0210541486740112,-0.42723986506462097,0.5741375684738159,-1.3664051294326782,-0.3822989761829376,-0.6098721027374268,-2.5196189880371094,-6.845377445220947,-1.620498776435852,-2.7332661151885986,-1.1189876794815063,0.8089815378189087,-3.1143760681152344,0.6198638677597046,0.7165976762771606,-3.224173069000244,-1.97769033908844,-0.9396901726722717,-0.4133334457874298,-1.252122402191162,-2.223660707473755,-1.5654093027114868,-2.7393898963928223,-3.5524826049804688,-2.012063503265381,-1.9695197343826294,-0.9596143960952759,-0.6333436369895935,-1.553699016571045,-1.1501246690750122,-1.240282416343689,-0.7705641388893127,-3.066077470779419,-0.30141472816467285,-0.48732516169548035,-1.476521372795105,-1.8311752080917358,-2.805086135864258,-1.265684962272644,-3.371797800064087,-0.6351438164710999,-1.9066438674926758,-0.4127647578716278,0.1073465496301651,-1.512121558189392,-3.9365546703338623,-2.639561653137207,-2.854238986968994,-1.1793056726455688,-1.7850829362869263,-0.7013441920280457,-0.9270085096359253,-1.6948221921920776,-1.474307894706726,-4.215160369873047,-1.83689284324646,-1.137323260307312,-3.111320734024048,-0.559496283531189,-1.8208696842193604,-0.25132137537002563,-0.41837695240974426,-0.3271472156047821,-0.9337825179100037,-1.0992679595947266,-1.5543287992477417,-1.5686601400375366,-1.4925071001052856,-0.013110201805830002,-1.728448510169983,-1.005513310432434,0.8201882839202881,-0.5570574402809143,-2.248263120651245
2.547708034515381,-0.6322605609893799,0.8713733553886414,0.41323965787887573,0.31655144691467285,0.9988642334938049,1.7591761350631714,-0.011901762336492538,4.207369327545166,-2.0712802410125732,0.6991769671440125,1.9071966409683228,0.5503858923912048,1.1838878393173218,-0.5574451684951782,2.6023800373077393,-5.652009010314941,-1.114990234375,0.8818485140800476,0.14741644263267517,1.242024540901184,-0.33125436305999756,1.3757253885269165,0.14284484088420868,-1.9714800119400024,1.6989444494247437,-3.0801684856414795,-0.4753541350364685,0.45588329434394836,0.07787585258483887,1.5425220727920532,-1.8322070837020874,0.0030964650213718414,-0.19953510165214539,1.0030776262283325,0.4727883040904999,0.8767560124397278,-0.4403496980667114,0.9162718653678894,1.3818087577819824,-1.3435640335083008,0.281107634305954,1.1486427783966064,0.10013091564178467,-0.3484722673892975,0.04200458899140358,3.8384809494018555,0.7747700214385986,0.5748438239097595,0.7095633149147034,1.818247675895691,-0.11504924297332764,1.2681145668029785,-3.695357084274292,-2.626939058303833,5.680027008056641,1.561631441116333,-1.6379770040512085,2.044785976409912,0.43394774198532104,1.394976019859314,1.0116084814071655,1.2688974142074585,-0.05221491679549217,1.3519119024276733,0.9657222032546997,-1.8128167390823364,1.2827887535095215,-2.994793653488159,0.4691801965236664,1.4926315546035767,1.3492765426635742,0.8085351586341858,0.24120810627937317,-0.24812710285186768
0.2641092836856842,1.6758248805999756,2.60089111328125,1.8670825958251953,2.299015760421753,1.8800151348114014,0.7120277881622314,3.4495315551757812,0.018705956637859344,1.8025497198104858,1.83479642868042,0.6713164448738098,0.7102120518684387,1.9064900875091553,-0.6181621551513672,-0.45965704321861267,3.8103458881378174,0.783164381980896,1.3290479183197021,0.7753061056137085,1.8327937126159668,2.658414840698242,2.010115623474121,1.903674602508545,2.5479001998901367,1.3515385389328003,2.1801161766052246,0.8108114004135132,1.6602630615234375,0.697638750076294,-0.21581169962882996,2.622875928878784,0.8030853271484375,1.9294028282165527,1.661855697631836,1.4886289834976196,1.1396682262420654,0.4408870041370392,1.5233995914459229,1.0778454542160034,0.6756441593170166,1.4416977167129517,1.4498577117919922,0.3707966208457947,0.20425722002983093,0.345914751291275,-1.048288345336914,1.097894549369812,1.7827589511871338,2.0170974731445312,1.9425547122955322,1.1953165531158447,2.393388271331787,0.8762569427490234,0.15526840090751648,1.8857364654541016,2.799793243408203,-0.19675281643867493,0.6242346167564392,1.7504897117614746,1.820389986038208,0.7944129109382629,2.0403432846069336,0.6311658620834351,2.9734387397766113,2.587229013442993,1.762847661972046,1.839525818824768,2.2408132553100586,1.3924155235290527,2.628563404083252,3.3572964668273926,0.9732783436775208,0.764087438583374,4.4667487144470215
-1.4881441593170166,0.7472807168960571,-1.4880319833755493,0.3135361969470978,-0.993593692779541,-0.47084370255470276,-0.6896755695343018,-0.19256147742271423,-1.6079989671707153,2.044279098510742,1.0861791372299194,-0.018570028245449066,0.06081546097993851,-0.49013230204582214,-0.4322260916233063,-3.6929309368133545,-7.03286600112915,2.882707118988037,0.6093120574951172,0.4720190763473511,0.7847760319709778,-0.243351012468338,0.28483542799949646,2.0288305282592773,3.9795539379119873,0.9609395265579224,0.6672545075416565,-1.2019213438034058,0.7701892852783203,2.040395498275757,0.9636951684951782,-1.2157031297683716,0.9717835187911987,0.24699756503105164,0.7073308229446411,1.8843859434127808,0.5187007784843445,2.620526075363159,0.7177770137786865,1.0183361768722534,1.8181732892990112,1.5247586965560913,2.7152671813964844,0.7487883567810059,0.8373363614082336,1.9927538633346558,1.5403410196304321,1.585387110710144,1.4188737869262695,2.8132009506225586,-0.27686724066734314,1.844211459159851,1.3812353610992432,-3.4798970222473145,0.6430708765983582,-1.330496072769165,0.1580750048160553,5.138120651245117,1.231555700302124,1.6622205972671509,1.055484652519226,1.1659759283065796,1.216565489768982,0.6027697920799255,-0.8493531942367554,0.611493706703186,2.5461597442626953,1.6812618970870972,-3.6942026615142822,1.1440364122390747,0.783397912979126,1.226110577583313,1.487534999847412,2.9380509853363037,-0.7837830781936646
